number_of_tmas,total_patients,patients_per_tma,core_disposition,layout,core_diameter_mm,orientation_empty_holes_per_tma,orientation_fiducial_cores_per_tma,orientation_markers_per_tma,positions_per_tma,patient_positions_per_tma,patient_positions_all_tmas,empty_positions_all_tmas,fiducial_positions_all_tmas,total_core_positions_all_tmas,mean_cores_per_patient,min_balanced_cores_per_patient,patients_with_extra_core_per_tma,core_area_mm2,patient_core_surface_area_mm2,fiducial_core_surface_area_mm2,total_core_surface_area_mm2,total_chamber_area_mm2,patient_core_surface_to_total_chamber_area,total_core_surface_to_total_chamber_area,reserved_orientation_position_percent,asymmetry_score,passes_orientation_principles,feasible_for_patients_per_tma,minimum_valid_orientation_marker_count,is_minimum_valid_orientation_combo,notes
2,80,40.0000,rectangular_grid,rectangular,0.6000,0,0,0,98,98,196,0,0,196,2.4500,2,18,0.282743,55.4177,0.0000,55.4177,469.2050,0.118110,0.118110,0.0000,0,0,1,4,0,no orientation markers; below minimum marker count 4; asymmetry score below threshold
2,80,40.0000,rectangular_grid,rectangular,0.6000,0,1,1,98,97,194,0,2,196,2.4250,2,17,0.282743,54.8522,0.5655,55.4177,469.2050,0.116905,0.118110,1.0204,2,0,1,4,0,below minimum marker count 4
2,80,40.0000,rectangular_grid,rectangular,0.6000,0,2,2,98,96,192,0,4,196,2.4000,2,16,0.282743,54.2867,1.1310,55.4177,469.2050,0.115699,0.118110,2.0408,4,0,1,4,0,below minimum marker count 4
2,80,40.0000,rectangular_grid,rectangular,0.6000,0,3,3,98,95,190,0,6,196,2.3750,2,15,0.282743,53.7212,1.6965,55.4177,469.2050,0.114494,0.118110,3.0612,6,0,1,4,0,below minimum marker count 4
2,80,40.0000,rectangular_grid,rectangular,0.6000,0,4,4,98,94,188,0,8,196,2.3500,2,14,0.282743,53.1557,2.2619,55.4177,469.2050,0.113289,0.118110,4.0816,8,1,1,4,1,compact asymmetric fixed-corner marker pattern
2,80,40.0000,rectangular_grid,rectangular,0.6000,1,0,1,98,97,194,2,0,194,2.4250,2,17,0.282743,54.8522,0.0000,54.8522,469.2050,0.116905,0.116905,1.0204,2,0,1,4,0,below minimum marker count 4
2,80,40.0000,rectangular_grid,rectangular,0.6000,1,1,2,98,96,192,2,2,194,2.4000,2,16,0.282743,54.2867,0.5655,54.8522,469.2050,0.115699,0.116905,2.0408,4,0,1,4,0,below minimum marker count 4
2,80,40.0000,rectangular_grid,rectangular,0.6000,1,2,3,98,95,190,2,4,194,2.3750,2,15,0.282743,53.7212,1.1310,54.8522,469.2050,0.114494,0.116905,3.0612,6,0,1,4,0,below minimum marker count 4
2,80,40.0000,rectangular_grid,rectangular,0.6000,1,3,4,98,94,188,2,6,194,2.3500,2,14,0.282743,53.1557,1.6965,54.8522,469.2050,0.113289,0.116905,4.0816,8,1,1,4,1,compact asymmetric fixed-corner marker pattern
2,80,40.0000,rectangular_grid,rectangular,0.6000,1,4,5,98,93,186,2,8,194,2.3250,2,13,0.282743,52.5903,2.2619,54.8522,469.2050,0.112084,0.116905,5.1020,10,1,1,4,0,compact asymmetric fixed-corner marker pattern
2,80,40.0000,rectangular_grid,rectangular,0.6000,2,0,2,98,96,192,4,0,192,2.4000,2,16,0.282743,54.2867,0.0000,54.2867,469.2050,0.115699,0.115699,2.0408,4,0,1,4,0,below minimum marker count 4
2,80,40.0000,rectangular_grid,rectangular,0.6000,2,1,3,98,95,190,4,2,192,2.3750,2,15,0.282743,53.7212,0.5655,54.2867,469.2050,0.114494,0.115699,3.0612,6,0,1,4,0,below minimum marker count 4
2,80,40.0000,rectangular_grid,rectangular,0.6000,2,2,4,98,94,188,4,4,192,2.3500,2,14,0.282743,53.1557,1.1310,54.2867,469.2050,0.113289,0.115699,4.0816,8,1,1,4,1,compact asymmetric fixed-corner marker pattern
2,80,40.0000,rectangular_grid,rectangular,0.6000,2,3,5,98,93,186,4,6,192,2.3250,2,13,0.282743,52.5903,1.6965,54.2867,469.2050,0.112084,0.115699,5.1020,10,1,1,4,0,compact asymmetric fixed-corner marker pattern
2,80,40.0000,rectangular_grid,rectangular,0.6000,2,4,6,98,92,184,4,8,192,2.3000,2,12,0.282743,52.0248,2.2619,54.2867,469.2050,0.110879,0.115699,6.1224,12,1,1,4,0,compact asymmetric fixed-corner marker pattern
2,80,40.0000,rectangular_grid,rectangular,0.6000,3,0,3,98,95,190,6,0,190,2.3750,2,15,0.282743,53.7212,0.0000,53.7212,469.2050,0.114494,0.114494,3.0612,6,0,1,4,0,below minimum marker count 4
2,80,40.0000,rectangular_grid,rectangular,0.6000,3,1,4,98,94,188,6,2,190,2.3500,2,14,0.282743,53.1557,0.5655,53.7212,469.2050,0.113289,0.114494,4.0816,8,1,1,4,1,compact asymmetric fixed-corner marker pattern
2,80,40.0000,rectangular_grid,rectangular,0.6000,3,2,5,98,93,186,6,4,190,2.3250,2,13,0.282743,52.5903,1.1310,53.7212,469.2050,0.112084,0.114494,5.1020,10,1,1,4,0,compact asymmetric fixed-corner marker pattern
2,80,40.0000,rectangular_grid,rectangular,0.6000,3,3,6,98,92,184,6,6,190,2.3000,2,12,0.282743,52.0248,1.6965,53.7212,469.2050,0.110879,0.114494,6.1224,12,1,1,4,0,compact asymmetric fixed-corner marker pattern
2,80,40.0000,rectangular_grid,rectangular,0.6000,3,4,7,98,91,182,6,8,190,2.2750,2,11,0.282743,51.4593,2.2619,53.7212,469.2050,0.109673,0.114494,7.1429,12,1,1,4,0,compact asymmetric fixed-corner marker pattern
2,80,40.0000,rectangular_grid,rectangular,0.6000,4,0,4,98,94,188,8,0,188,2.3500,2,14,0.282743,53.1557,0.0000,53.1557,469.2050,0.113289,0.113289,4.0816,8,1,1,4,1,compact asymmetric fixed-corner marker pattern
2,80,40.0000,rectangular_grid,rectangular,0.6000,4,1,5,98,93,186,8,2,188,2.3250,2,13,0.282743,52.5903,0.5655,53.1557,469.2050,0.112084,0.113289,5.1020,10,1,1,4,0,compact asymmetric fixed-corner marker pattern
2,80,40.0000,rectangular_grid,rectangular,0.6000,4,2,6,98,92,184,8,4,188,2.3000,2,12,0.282743,52.0248,1.1310,53.1557,469.2050,0.110879,0.113289,6.1224,12,1,1,4,0,compact asymmetric fixed-corner marker pattern
2,80,40.0000,rectangular_grid,rectangular,0.6000,4,3,7,98,91,182,8,6,188,2.2750,2,11,0.282743,51.4593,1.6965,53.1557,469.2050,0.109673,0.113289,7.1429,12,1,1,4,0,compact asymmetric fixed-corner marker pattern
2,80,40.0000,rectangular_grid,rectangular,0.6000,4,4,8,98,90,180,8,8,188,2.2500,2,10,0.282743,50.8938,2.2619,53.1557,469.2050,0.108468,0.113289,8.1633,12,1,1,4,0,compact asymmetric fixed-corner marker pattern
2,80,40.0000,rectangular_grid,rectangular,0.6000,5,0,5,98,93,186,10,0,186,2.3250,2,13,0.282743,52.5903,0.0000,52.5903,469.2050,0.112084,0.112084,5.1020,10,1,1,4,0,compact asymmetric fixed-corner marker pattern
2,80,40.0000,rectangular_grid,rectangular,0.6000,5,1,6,98,92,184,10,2,186,2.3000,2,12,0.282743,52.0248,0.5655,52.5903,469.2050,0.110879,0.112084,6.1224,12,1,1,4,0,compact asymmetric fixed-corner marker pattern
2,80,40.0000,rectangular_grid,rectangular,0.6000,5,2,7,98,91,182,10,4,186,2.2750,2,11,0.282743,51.4593,1.1310,52.5903,469.2050,0.109673,0.112084,7.1429,12,1,1,4,0,compact asymmetric fixed-corner marker pattern
2,80,40.0000,rectangular_grid,rectangular,0.6000,5,3,8,98,90,180,10,6,186,2.2500,2,10,0.282743,50.8938,1.6965,52.5903,469.2050,0.108468,0.112084,8.1633,12,1,1,4,0,compact asymmetric fixed-corner marker pattern
2,80,40.0000,rectangular_grid,rectangular,0.6000,5,4,9,98,89,178,10,8,186,2.2250,2,9,0.282743,50.3283,2.2619,52.5903,469.2050,0.107263,0.112084,9.1837,14,1,1,4,0,compact asymmetric fixed-corner marker pattern
2,80,40.0000,rectangular_grid,rectangular,0.6000,6,0,6,98,92,184,12,0,184,2.3000,2,12,0.282743,52.0248,0.0000,52.0248,469.2050,0.110879,0.110879,6.1224,12,1,1,4,0,compact asymmetric fixed-corner marker pattern
2,80,40.0000,rectangular_grid,rectangular,0.6000,6,1,7,98,91,182,12,2,184,2.2750,2,11,0.282743,51.4593,0.5655,52.0248,469.2050,0.109673,0.110879,7.1429,12,1,1,4,0,compact asymmetric fixed-corner marker pattern
2,80,40.0000,rectangular_grid,rectangular,0.6000,6,2,8,98,90,180,12,4,184,2.2500,2,10,0.282743,50.8938,1.1310,52.0248,469.2050,0.108468,0.110879,8.1633,12,1,1,4,0,compact asymmetric fixed-corner marker pattern
2,80,40.0000,rectangular_grid,rectangular,0.6000,6,3,9,98,89,178,12,6,184,2.2250,2,9,0.282743,50.3283,1.6965,52.0248,469.2050,0.107263,0.110879,9.1837,14,1,1,4,0,compact asymmetric fixed-corner marker pattern
2,80,40.0000,rectangular_grid,rectangular,0.6000,6,4,10,98,88,176,12,8,184,2.2000,2,8,0.282743,49.7628,2.2619,52.0248,469.2050,0.106058,0.110879,10.2041,16,1,1,4,0,compact asymmetric fixed-corner marker pattern
2,80,40.0000,rectangular_grid,rectangular,1.0000,0,0,0,55,55,110,0,0,110,1.3750,1,15,0.785398,86.3938,0.0000,86.3938,469.2050,0.184128,0.184128,0.0000,0,0,1,4,0,no orientation markers; below minimum marker count 4; asymmetry score below threshold
2,80,40.0000,rectangular_grid,rectangular,1.0000,0,1,1,55,54,108,0,2,110,1.3500,1,14,0.785398,84.8230,1.5708,86.3938,469.2050,0.180780,0.184128,1.8182,2,0,1,4,0,below minimum marker count 4
2,80,40.0000,rectangular_grid,rectangular,1.0000,0,2,2,55,53,106,0,4,110,1.3250,1,13,0.785398,83.2522,3.1416,86.3938,469.2050,0.177432,0.184128,3.6364,4,0,1,4,0,below minimum marker count 4
2,80,40.0000,rectangular_grid,rectangular,1.0000,0,3,3,55,52,104,0,6,110,1.3000,1,12,0.785398,81.6814,4.7124,86.3938,469.2050,0.174085,0.184128,5.4545,6,0,1,4,0,below minimum marker count 4
2,80,40.0000,rectangular_grid,rectangular,1.0000,0,4,4,55,51,102,0,8,110,1.2750,1,11,0.785398,80.1106,6.2832,86.3938,469.2050,0.170737,0.184128,7.2727,8,1,1,4,1,compact asymmetric fixed-corner marker pattern
2,80,40.0000,rectangular_grid,rectangular,1.0000,1,0,1,55,54,108,2,0,108,1.3500,1,14,0.785398,84.8230,0.0000,84.8230,469.2050,0.180780,0.180780,1.8182,2,0,1,4,0,below minimum marker count 4
2,80,40.0000,rectangular_grid,rectangular,1.0000,1,1,2,55,53,106,2,2,108,1.3250,1,13,0.785398,83.2522,1.5708,84.8230,469.2050,0.177432,0.180780,3.6364,4,0,1,4,0,below minimum marker count 4
2,80,40.0000,rectangular_grid,rectangular,1.0000,1,2,3,55,52,104,2,4,108,1.3000,1,12,0.785398,81.6814,3.1416,84.8230,469.2050,0.174085,0.180780,5.4545,6,0,1,4,0,below minimum marker count 4
2,80,40.0000,rectangular_grid,rectangular,1.0000,1,3,4,55,51,102,2,6,108,1.2750,1,11,0.785398,80.1106,4.7124,84.8230,469.2050,0.170737,0.180780,7.2727,8,1,1,4,1,compact asymmetric fixed-corner marker pattern
2,80,40.0000,rectangular_grid,rectangular,1.0000,1,4,5,55,50,100,2,8,108,1.2500,1,10,0.785398,78.5398,6.2832,84.8230,469.2050,0.167389,0.180780,9.0909,8,1,1,4,0,compact asymmetric fixed-corner marker pattern
2,80,40.0000,rectangular_grid,rectangular,1.0000,2,0,2,55,53,106,4,0,106,1.3250,1,13,0.785398,83.2522,0.0000,83.2522,469.2050,0.177432,0.177432,3.6364,4,0,1,4,0,below minimum marker count 4
2,80,40.0000,rectangular_grid,rectangular,1.0000,2,1,3,55,52,104,4,2,106,1.3000,1,12,0.785398,81.6814,1.5708,83.2522,469.2050,0.174085,0.177432,5.4545,6,0,1,4,0,below minimum marker count 4
2,80,40.0000,rectangular_grid,rectangular,1.0000,2,2,4,55,51,102,4,4,106,1.2750,1,11,0.785398,80.1106,3.1416,83.2522,469.2050,0.170737,0.177432,7.2727,8,1,1,4,1,compact asymmetric fixed-corner marker pattern
2,80,40.0000,rectangular_grid,rectangular,1.0000,2,3,5,55,50,100,4,6,106,1.2500,1,10,0.785398,78.5398,4.7124,83.2522,469.2050,0.167389,0.177432,9.0909,8,1,1,4,0,compact asymmetric fixed-corner marker pattern
2,80,40.0000,rectangular_grid,rectangular,1.0000,2,4,6,55,49,98,4,8,106,1.2250,1,9,0.785398,76.9690,6.2832,83.2522,469.2050,0.164041,0.177432,10.9091,8,1,1,4,0,compact asymmetric fixed-corner marker pattern
2,80,40.0000,rectangular_grid,rectangular,1.0000,3,0,3,55,52,104,6,0,104,1.3000,1,12,0.785398,81.6814,0.0000,81.6814,469.2050,0.174085,0.174085,5.4545,6,0,1,4,0,below minimum marker count 4
2,80,40.0000,rectangular_grid,rectangular,1.0000,3,1,4,55,51,102,6,2,104,1.2750,1,11,0.785398,80.1106,1.5708,81.6814,469.2050,0.170737,0.174085,7.2727,8,1,1,4,1,compact asymmetric fixed-corner marker pattern
2,80,40.0000,rectangular_grid,rectangular,1.0000,3,2,5,55,50,100,6,4,104,1.2500,1,10,0.785398,78.5398,3.1416,81.6814,469.2050,0.167389,0.174085,9.0909,8,1,1,4,0,compact asymmetric fixed-corner marker pattern
2,80,40.0000,rectangular_grid,rectangular,1.0000,3,3,6,55,49,98,6,6,104,1.2250,1,9,0.785398,76.9690,4.7124,81.6814,469.2050,0.164041,0.174085,10.9091,8,1,1,4,0,compact asymmetric fixed-corner marker pattern
2,80,40.0000,rectangular_grid,rectangular,1.0000,3,4,7,55,48,96,6,8,104,1.2000,1,8,0.785398,75.3982,6.2832,81.6814,469.2050,0.160694,0.174085,12.7273,10,1,1,4,0,compact asymmetric fixed-corner marker pattern
2,80,40.0000,rectangular_grid,rectangular,1.0000,4,0,4,55,51,102,8,0,102,1.2750,1,11,0.785398,80.1106,0.0000,80.1106,469.2050,0.170737,0.170737,7.2727,8,1,1,4,1,compact asymmetric fixed-corner marker pattern
2,80,40.0000,rectangular_grid,rectangular,1.0000,4,1,5,55,50,100,8,2,102,1.2500,1,10,0.785398,78.5398,1.5708,80.1106,469.2050,0.167389,0.170737,9.0909,8,1,1,4,0,compact asymmetric fixed-corner marker pattern
2,80,40.0000,rectangular_grid,rectangular,1.0000,4,2,6,55,49,98,8,4,102,1.2250,1,9,0.785398,76.9690,3.1416,80.1106,469.2050,0.164041,0.170737,10.9091,8,1,1,4,0,compact asymmetric fixed-corner marker pattern
2,80,40.0000,rectangular_grid,rectangular,1.0000,4,3,7,55,48,96,8,6,102,1.2000,1,8,0.785398,75.3982,4.7124,80.1106,469.2050,0.160694,0.170737,12.7273,10,1,1,4,0,compact asymmetric fixed-corner marker pattern
2,80,40.0000,rectangular_grid,rectangular,1.0000,4,4,8,55,47,94,8,8,102,1.1750,1,7,0.785398,73.8274,6.2832,80.1106,469.2050,0.157346,0.170737,14.5455,12,1,1,4,0,compact asymmetric fixed-corner marker pattern
2,80,40.0000,rectangular_grid,rectangular,1.0000,5,0,5,55,50,100,10,0,100,1.2500,1,10,0.785398,78.5398,0.0000,78.5398,469.2050,0.167389,0.167389,9.0909,8,1,1,4,0,compact asymmetric fixed-corner marker pattern
2,80,40.0000,rectangular_grid,rectangular,1.0000,5,1,6,55,49,98,10,2,100,1.2250,1,9,0.785398,76.9690,1.5708,78.5398,469.2050,0.164041,0.167389,10.9091,8,1,1,4,0,compact asymmetric fixed-corner marker pattern
2,80,40.0000,rectangular_grid,rectangular,1.0000,5,2,7,55,48,96,10,4,100,1.2000,1,8,0.785398,75.3982,3.1416,78.5398,469.2050,0.160694,0.167389,12.7273,10,1,1,4,0,compact asymmetric fixed-corner marker pattern
2,80,40.0000,rectangular_grid,rectangular,1.0000,5,3,8,55,47,94,10,6,100,1.1750,1,7,0.785398,73.8274,4.7124,78.5398,469.2050,0.157346,0.167389,14.5455,12,1,1,4,0,compact asymmetric fixed-corner marker pattern
2,80,40.0000,rectangular_grid,rectangular,1.0000,5,4,9,55,46,92,10,8,100,1.1500,1,6,0.785398,72.2566,6.2832,78.5398,469.2050,0.153998,0.167389,16.3636,14,1,1,4,0,compact asymmetric fixed-corner marker pattern
2,80,40.0000,rectangular_grid,rectangular,1.0000,6,0,6,55,49,98,12,0,98,1.2250,1,9,0.785398,76.9690,0.0000,76.9690,469.2050,0.164041,0.164041,10.9091,8,1,1,4,0,compact asymmetric fixed-corner marker pattern
2,80,40.0000,rectangular_grid,rectangular,1.0000,6,1,7,55,48,96,12,2,98,1.2000,1,8,0.785398,75.3982,1.5708,76.9690,469.2050,0.160694,0.164041,12.7273,10,1,1,4,0,compact asymmetric fixed-corner marker pattern
2,80,40.0000,rectangular_grid,rectangular,1.0000,6,2,8,55,47,94,12,4,98,1.1750,1,7,0.785398,73.8274,3.1416,76.9690,469.2050,0.157346,0.164041,14.5455,12,1,1,4,0,compact asymmetric fixed-corner marker pattern
2,80,40.0000,rectangular_grid,rectangular,1.0000,6,3,9,55,46,92,12,6,98,1.1500,1,6,0.785398,72.2566,4.7124,76.9690,469.2050,0.153998,0.164041,16.3636,14,1,1,4,0,compact asymmetric fixed-corner marker pattern
2,80,40.0000,rectangular_grid,rectangular,1.0000,6,4,10,55,45,90,12,8,98,1.1250,1,5,0.785398,70.6858,6.2832,76.9690,469.2050,0.150650,0.164041,18.1818,16,1,1,4,0,compact asymmetric fixed-corner marker pattern
2,80,40.0000,rectangular_grid,rectangular,1.5000,0,0,0,36,36,72,0,0,72,0.9000,0,36,1.767146,127.2345,0.0000,127.2345,469.2050,0.271170,0.271170,0.0000,0,0,0,,0,no orientation markers; below minimum marker count 4; asymmetry score below threshold
2,80,40.0000,rectangular_grid,rectangular,1.5000,0,1,1,36,35,70,0,2,72,0.8750,0,35,1.767146,123.7002,3.5343,127.2345,469.2050,0.263638,0.271170,2.7778,2,0,0,,0,below minimum marker count 4
2,80,40.0000,rectangular_grid,rectangular,1.5000,0,2,2,36,34,68,0,4,72,0.8500,0,34,1.767146,120.1659,7.0686,127.2345,469.2050,0.256105,0.271170,5.5556,4,0,0,,0,below minimum marker count 4
2,80,40.0000,rectangular_grid,rectangular,1.5000,0,3,3,36,33,66,0,6,72,0.8250,0,33,1.767146,116.6316,10.6029,127.2345,469.2050,0.248573,0.271170,8.3333,6,0,0,,0,below minimum marker count 4
2,80,40.0000,rectangular_grid,rectangular,1.5000,0,4,4,36,32,64,0,8,72,0.8000,0,32,1.767146,113.0973,14.1372,127.2345,469.2050,0.241040,0.271170,11.1111,8,1,0,,0,compact asymmetric fixed-corner marker pattern
2,80,40.0000,rectangular_grid,rectangular,1.5000,1,0,1,36,35,70,2,0,70,0.8750,0,35,1.767146,123.7002,0.0000,123.7002,469.2050,0.263638,0.263638,2.7778,2,0,0,,0,below minimum marker count 4
2,80,40.0000,rectangular_grid,rectangular,1.5000,1,1,2,36,34,68,2,2,70,0.8500,0,34,1.767146,120.1659,3.5343,123.7002,469.2050,0.256105,0.263638,5.5556,4,0,0,,0,below minimum marker count 4
2,80,40.0000,rectangular_grid,rectangular,1.5000,1,2,3,36,33,66,2,4,70,0.8250,0,33,1.767146,116.6316,7.0686,123.7002,469.2050,0.248573,0.263638,8.3333,6,0,0,,0,below minimum marker count 4
2,80,40.0000,rectangular_grid,rectangular,1.5000,1,3,4,36,32,64,2,6,70,0.8000,0,32,1.767146,113.0973,10.6029,123.7002,469.2050,0.241040,0.263638,11.1111,8,1,0,,0,compact asymmetric fixed-corner marker pattern
2,80,40.0000,rectangular_grid,rectangular,1.5000,1,4,5,36,31,62,2,8,70,0.7750,0,31,1.767146,109.5630,14.1372,123.7002,469.2050,0.233508,0.263638,13.8889,6,1,0,,0,compact asymmetric fixed-corner marker pattern
2,80,40.0000,rectangular_grid,rectangular,1.5000,2,0,2,36,34,68,4,0,68,0.8500,0,34,1.767146,120.1659,0.0000,120.1659,469.2050,0.256105,0.256105,5.5556,4,0,0,,0,below minimum marker count 4
2,80,40.0000,rectangular_grid,rectangular,1.5000,2,1,3,36,33,66,4,2,68,0.8250,0,33,1.767146,116.6316,3.5343,120.1659,469.2050,0.248573,0.256105,8.3333,6,0,0,,0,below minimum marker count 4
2,80,40.0000,rectangular_grid,rectangular,1.5000,2,2,4,36,32,64,4,4,68,0.8000,0,32,1.767146,113.0973,7.0686,120.1659,469.2050,0.241040,0.256105,11.1111,8,1,0,,0,compact asymmetric fixed-corner marker pattern
2,80,40.0000,rectangular_grid,rectangular,1.5000,2,3,5,36,31,62,4,6,68,0.7750,0,31,1.767146,109.5630,10.6029,120.1659,469.2050,0.233508,0.256105,13.8889,6,1,0,,0,compact asymmetric fixed-corner marker pattern
2,80,40.0000,rectangular_grid,rectangular,1.5000,2,4,6,36,30,60,4,8,68,0.7500,0,30,1.767146,106.0288,14.1372,120.1659,469.2050,0.225975,0.256105,16.6667,8,1,0,,0,compact asymmetric fixed-corner marker pattern
2,80,40.0000,rectangular_grid,rectangular,1.5000,3,0,3,36,33,66,6,0,66,0.8250,0,33,1.767146,116.6316,0.0000,116.6316,469.2050,0.248573,0.248573,8.3333,6,0,0,,0,below minimum marker count 4
2,80,40.0000,rectangular_grid,rectangular,1.5000,3,1,4,36,32,64,6,2,66,0.8000,0,32,1.767146,113.0973,3.5343,116.6316,469.2050,0.241040,0.248573,11.1111,8,1,0,,0,compact asymmetric fixed-corner marker pattern
2,80,40.0000,rectangular_grid,rectangular,1.5000,3,2,5,36,31,62,6,4,66,0.7750,0,31,1.767146,109.5630,7.0686,116.6316,469.2050,0.233508,0.248573,13.8889,6,1,0,,0,compact asymmetric fixed-corner marker pattern
2,80,40.0000,rectangular_grid,rectangular,1.5000,3,3,6,36,30,60,6,6,66,0.7500,0,30,1.767146,106.0288,10.6029,116.6316,469.2050,0.225975,0.248573,16.6667,8,1,0,,0,compact asymmetric fixed-corner marker pattern
2,80,40.0000,rectangular_grid,rectangular,1.5000,3,4,7,36,29,58,6,8,66,0.7250,0,29,1.767146,102.4945,14.1372,116.6316,469.2050,0.218443,0.248573,19.4444,10,1,0,,0,compact asymmetric fixed-corner marker pattern
2,80,40.0000,rectangular_grid,rectangular,1.5000,4,0,4,36,32,64,8,0,64,0.8000,0,32,1.767146,113.0973,0.0000,113.0973,469.2050,0.241040,0.241040,11.1111,8,1,0,,0,compact asymmetric fixed-corner marker pattern
2,80,40.0000,rectangular_grid,rectangular,1.5000,4,1,5,36,31,62,8,2,64,0.7750,0,31,1.767146,109.5630,3.5343,113.0973,469.2050,0.233508,0.241040,13.8889,8,1,0,,0,compact asymmetric fixed-corner marker pattern
2,80,40.0000,rectangular_grid,rectangular,1.5000,4,2,6,36,30,60,8,4,64,0.7500,0,30,1.767146,106.0288,7.0686,113.0973,469.2050,0.225975,0.241040,16.6667,10,1,0,,0,compact asymmetric fixed-corner marker pattern
2,80,40.0000,rectangular_grid,rectangular,1.5000,4,3,7,36,29,58,8,6,64,0.7250,0,29,1.767146,102.4945,10.6029,113.0973,469.2050,0.218443,0.241040,19.4444,12,1,0,,0,compact asymmetric fixed-corner marker pattern
2,80,40.0000,rectangular_grid,rectangular,1.5000,4,4,8,36,28,56,8,8,64,0.7000,0,28,1.767146,98.9602,14.1372,113.0973,469.2050,0.210910,0.241040,22.2222,14,1,0,,0,compact asymmetric fixed-corner marker pattern
2,80,40.0000,rectangular_grid,rectangular,1.5000,5,0,5,36,31,62,10,0,62,0.7750,0,31,1.767146,109.5630,0.0000,109.5630,469.2050,0.233508,0.233508,13.8889,6,1,0,,0,compact asymmetric fixed-corner marker pattern
2,80,40.0000,rectangular_grid,rectangular,1.5000,5,1,6,36,30,60,10,2,62,0.7500,0,30,1.767146,106.0288,3.5343,109.5630,469.2050,0.225975,0.233508,16.6667,8,1,0,,0,compact asymmetric fixed-corner marker pattern
2,80,40.0000,rectangular_grid,rectangular,1.5000,5,2,7,36,29,58,10,4,62,0.7250,0,29,1.767146,102.4945,7.0686,109.5630,469.2050,0.218443,0.233508,19.4444,10,1,0,,0,compact asymmetric fixed-corner marker pattern
2,80,40.0000,rectangular_grid,rectangular,1.5000,5,3,8,36,28,56,10,6,62,0.7000,0,28,1.767146,98.9602,10.6029,109.5630,469.2050,0.210910,0.233508,22.2222,12,1,0,,0,compact asymmetric fixed-corner marker pattern
2,80,40.0000,rectangular_grid,rectangular,1.5000,5,4,9,36,27,54,10,8,62,0.6750,0,27,1.767146,95.4259,14.1372,109.5630,469.2050,0.203378,0.233508,25.0000,12,1,0,,0,compact asymmetric fixed-corner marker pattern
2,80,40.0000,rectangular_grid,rectangular,1.5000,6,0,6,36,30,60,12,0,60,0.7500,0,30,1.767146,106.0288,0.0000,106.0288,469.2050,0.225975,0.225975,16.6667,8,1,0,,0,compact asymmetric fixed-corner marker pattern
2,80,40.0000,rectangular_grid,rectangular,1.5000,6,1,7,36,29,58,12,2,60,0.7250,0,29,1.767146,102.4945,3.5343,106.0288,469.2050,0.218443,0.225975,19.4444,10,1,0,,0,compact asymmetric fixed-corner marker pattern
2,80,40.0000,rectangular_grid,rectangular,1.5000,6,2,8,36,28,56,12,4,60,0.7000,0,28,1.767146,98.9602,7.0686,106.0288,469.2050,0.210910,0.225975,22.2222,12,1,0,,0,compact asymmetric fixed-corner marker pattern
2,80,40.0000,rectangular_grid,rectangular,1.5000,6,3,9,36,27,54,12,6,60,0.6750,0,27,1.767146,95.4259,10.6029,106.0288,469.2050,0.203378,0.225975,25.0000,12,1,0,,0,compact asymmetric fixed-corner marker pattern
2,80,40.0000,rectangular_grid,rectangular,1.5000,6,4,10,36,26,52,12,8,60,0.6500,0,26,1.767146,91.8916,14.1372,106.0288,469.2050,0.195845,0.225975,27.7778,14,1,0,,0,compact asymmetric fixed-corner marker pattern
2,80,40.0000,rectangular_grid,rectangular,2.0000,0,0,0,21,21,42,0,0,42,0.5250,0,21,3.141593,131.9469,0.0000,131.9469,469.2050,0.281214,0.281214,0.0000,0,0,0,,0,no orientation markers; below minimum marker count 4; asymmetry score below threshold
2,80,40.0000,rectangular_grid,rectangular,2.0000,0,1,1,21,20,40,0,2,42,0.5000,0,20,3.141593,125.6637,6.2832,131.9469,469.2050,0.267823,0.281214,4.7619,2,0,0,,0,below minimum marker count 4
2,80,40.0000,rectangular_grid,rectangular,2.0000,0,2,2,21,19,38,0,4,42,0.4750,0,19,3.141593,119.3805,12.5664,131.9469,469.2050,0.254431,0.281214,9.5238,4,0,0,,0,below minimum marker count 4
2,80,40.0000,rectangular_grid,rectangular,2.0000,0,3,3,21,18,36,0,6,42,0.4500,0,18,3.141593,113.0973,18.8496,131.9469,469.2050,0.241040,0.281214,14.2857,4,0,0,,0,below minimum marker count 4
2,80,40.0000,rectangular_grid,rectangular,2.0000,0,4,4,21,17,34,0,8,42,0.4250,0,17,3.141593,106.8142,25.1327,131.9469,469.2050,0.227649,0.281214,19.0476,4,1,0,,0,compact asymmetric fixed-corner marker pattern
2,80,40.0000,rectangular_grid,rectangular,2.0000,1,0,1,21,20,40,2,0,40,0.5000,0,20,3.141593,125.6637,0.0000,125.6637,469.2050,0.267823,0.267823,4.7619,2,0,0,,0,below minimum marker count 4
2,80,40.0000,rectangular_grid,rectangular,2.0000,1,1,2,21,19,38,2,2,40,0.4750,0,19,3.141593,119.3805,6.2832,125.6637,469.2050,0.254431,0.267823,9.5238,4,0,0,,0,below minimum marker count 4
2,80,40.0000,rectangular_grid,rectangular,2.0000,1,2,3,21,18,36,2,4,40,0.4500,0,18,3.141593,113.0973,12.5664,125.6637,469.2050,0.241040,0.267823,14.2857,4,0,0,,0,below minimum marker count 4
2,80,40.0000,rectangular_grid,rectangular,2.0000,1,3,4,21,17,34,2,6,40,0.4250,0,17,3.141593,106.8142,18.8496,125.6637,469.2050,0.227649,0.267823,19.0476,4,1,0,,0,compact asymmetric fixed-corner marker pattern
2,80,40.0000,rectangular_grid,rectangular,2.0000,1,4,5,21,16,32,2,8,40,0.4000,0,16,3.141593,100.5310,25.1327,125.6637,469.2050,0.214258,0.267823,23.8095,6,1,0,,0,compact asymmetric fixed-corner marker pattern
2,80,40.0000,rectangular_grid,rectangular,2.0000,2,0,2,21,19,38,4,0,38,0.4750,0,19,3.141593,119.3805,0.0000,119.3805,469.2050,0.254431,0.254431,9.5238,4,0,0,,0,below minimum marker count 4
2,80,40.0000,rectangular_grid,rectangular,2.0000,2,1,3,21,18,36,4,2,38,0.4500,0,18,3.141593,113.0973,6.2832,119.3805,469.2050,0.241040,0.254431,14.2857,4,0,0,,0,below minimum marker count 4
2,80,40.0000,rectangular_grid,rectangular,2.0000,2,2,4,21,17,34,4,4,38,0.4250,0,17,3.141593,106.8142,12.5664,119.3805,469.2050,0.227649,0.254431,19.0476,4,1,0,,0,compact asymmetric fixed-corner marker pattern
2,80,40.0000,rectangular_grid,rectangular,2.0000,2,3,5,21,16,32,4,6,38,0.4000,0,16,3.141593,100.5310,18.8496,119.3805,469.2050,0.214258,0.254431,23.8095,6,1,0,,0,compact asymmetric fixed-corner marker pattern
2,80,40.0000,rectangular_grid,rectangular,2.0000,2,4,6,21,15,30,4,8,38,0.3750,0,15,3.141593,94.2478,25.1327,119.3805,469.2050,0.200867,0.254431,28.5714,8,1,0,,0,compact asymmetric fixed-corner marker pattern
2,80,40.0000,rectangular_grid,rectangular,2.0000,3,0,3,21,18,36,6,0,36,0.4500,0,18,3.141593,113.0973,0.0000,113.0973,469.2050,0.241040,0.241040,14.2857,4,0,0,,0,below minimum marker count 4
2,80,40.0000,rectangular_grid,rectangular,2.0000,3,1,4,21,17,34,6,2,36,0.4250,0,17,3.141593,106.8142,6.2832,113.0973,469.2050,0.227649,0.241040,19.0476,4,1,0,,0,compact asymmetric fixed-corner marker pattern
2,80,40.0000,rectangular_grid,rectangular,2.0000,3,2,5,21,16,32,6,4,36,0.4000,0,16,3.141593,100.5310,12.5664,113.0973,469.2050,0.214258,0.241040,23.8095,6,1,0,,0,compact asymmetric fixed-corner marker pattern
2,80,40.0000,rectangular_grid,rectangular,2.0000,3,3,6,21,15,30,6,6,36,0.3750,0,15,3.141593,94.2478,18.8496,113.0973,469.2050,0.200867,0.241040,28.5714,8,1,0,,0,compact asymmetric fixed-corner marker pattern
2,80,40.0000,rectangular_grid,rectangular,2.0000,3,4,7,21,14,28,6,8,36,0.3500,0,14,3.141593,87.9646,25.1327,113.0973,469.2050,0.187476,0.241040,33.3333,8,1,0,,0,compact asymmetric fixed-corner marker pattern
2,80,40.0000,rectangular_grid,rectangular,2.0000,4,0,4,21,17,34,8,0,34,0.4250,0,17,3.141593,106.8142,0.0000,106.8142,469.2050,0.227649,0.227649,19.0476,4,1,0,,0,compact asymmetric fixed-corner marker pattern
2,80,40.0000,rectangular_grid,rectangular,2.0000,4,1,5,21,16,32,8,2,34,0.4000,0,16,3.141593,100.5310,6.2832,106.8142,469.2050,0.214258,0.227649,23.8095,6,1,0,,0,compact asymmetric fixed-corner marker pattern
2,80,40.0000,rectangular_grid,rectangular,2.0000,4,2,6,21,15,30,8,4,34,0.3750,0,15,3.141593,94.2478,12.5664,106.8142,469.2050,0.200867,0.227649,28.5714,8,1,0,,0,compact asymmetric fixed-corner marker pattern
2,80,40.0000,rectangular_grid,rectangular,2.0000,4,3,7,21,14,28,8,6,34,0.3500,0,14,3.141593,87.9646,18.8496,106.8142,469.2050,0.187476,0.227649,33.3333,8,1,0,,0,compact asymmetric fixed-corner marker pattern
2,80,40.0000,rectangular_grid,rectangular,2.0000,4,4,8,21,13,26,8,8,34,0.3250,0,13,3.141593,81.6814,25.1327,106.8142,469.2050,0.174085,0.227649,38.0952,10,1,0,,0,compact asymmetric fixed-corner marker pattern
2,80,40.0000,rectangular_grid,rectangular,2.0000,5,0,5,21,16,32,10,0,32,0.4000,0,16,3.141593,100.5310,0.0000,100.5310,469.2050,0.214258,0.214258,23.8095,6,1,0,,0,compact asymmetric fixed-corner marker pattern
2,80,40.0000,rectangular_grid,rectangular,2.0000,5,1,6,21,15,30,10,2,32,0.3750,0,15,3.141593,94.2478,6.2832,100.5310,469.2050,0.200867,0.214258,28.5714,8,1,0,,0,compact asymmetric fixed-corner marker pattern
2,80,40.0000,rectangular_grid,rectangular,2.0000,5,2,7,21,14,28,10,4,32,0.3500,0,14,3.141593,87.9646,12.5664,100.5310,469.2050,0.187476,0.214258,33.3333,10,1,0,,0,compact asymmetric fixed-corner marker pattern
2,80,40.0000,rectangular_grid,rectangular,2.0000,5,3,8,21,13,26,10,6,32,0.3250,0,13,3.141593,81.6814,18.8496,100.5310,469.2050,0.174085,0.214258,38.0952,12,1,0,,0,compact asymmetric fixed-corner marker pattern
2,80,40.0000,rectangular_grid,rectangular,2.0000,5,4,9,21,12,24,10,8,32,0.3000,0,12,3.141593,75.3982,25.1327,100.5310,469.2050,0.160694,0.214258,42.8571,14,1,0,,0,compact asymmetric fixed-corner marker pattern
2,80,40.0000,rectangular_grid,rectangular,2.0000,6,0,6,21,15,30,12,0,30,0.3750,0,15,3.141593,94.2478,0.0000,94.2478,469.2050,0.200867,0.200867,28.5714,8,1,0,,0,compact asymmetric fixed-corner marker pattern
2,80,40.0000,rectangular_grid,rectangular,2.0000,6,1,7,21,14,28,12,2,30,0.3500,0,14,3.141593,87.9646,6.2832,94.2478,469.2050,0.187476,0.200867,33.3333,10,1,0,,0,compact asymmetric fixed-corner marker pattern
2,80,40.0000,rectangular_grid,rectangular,2.0000,6,2,8,21,13,26,12,4,30,0.3250,0,13,3.141593,81.6814,12.5664,94.2478,469.2050,0.174085,0.200867,38.0952,12,1,0,,0,compact asymmetric fixed-corner marker pattern
2,80,40.0000,rectangular_grid,rectangular,2.0000,6,3,9,21,12,24,12,6,30,0.3000,0,12,3.141593,75.3982,18.8496,94.2478,469.2050,0.160694,0.200867,42.8571,14,1,0,,0,compact asymmetric fixed-corner marker pattern
2,80,40.0000,rectangular_grid,rectangular,2.0000,6,4,10,21,11,22,12,8,30,0.2750,0,11,3.141593,69.1150,25.1327,94.2478,469.2050,0.147302,0.200867,47.6190,14,1,0,,0,compact asymmetric fixed-corner marker pattern
2,80,40.0000,hexagonal_staggered,hexagonal,0.6000,0,0,0,112,112,224,0,0,224,2.8000,2,32,0.282743,63.3345,0.0000,63.3345,469.2050,0.134983,0.134983,0.0000,0,0,1,4,0,no orientation markers; below minimum marker count 4; asymmetry score below threshold
2,80,40.0000,hexagonal_staggered,hexagonal,0.6000,0,1,1,112,111,222,0,2,224,2.7750,2,31,0.282743,62.7690,0.5655,63.3345,469.2050,0.133777,0.134983,0.8929,2,0,1,4,0,below minimum marker count 4
2,80,40.0000,hexagonal_staggered,hexagonal,0.6000,0,2,2,112,110,220,0,4,224,2.7500,2,30,0.282743,62.2035,1.1310,63.3345,469.2050,0.132572,0.134983,1.7857,4,0,1,4,0,below minimum marker count 4
2,80,40.0000,hexagonal_staggered,hexagonal,0.6000,0,3,3,112,109,218,0,6,224,2.7250,2,29,0.282743,61.6380,1.6965,63.3345,469.2050,0.131367,0.134983,2.6786,6,0,1,4,0,below minimum marker count 4
2,80,40.0000,hexagonal_staggered,hexagonal,0.6000,0,4,4,112,108,216,0,8,224,2.7000,2,28,0.282743,61.0726,2.2619,63.3345,469.2050,0.130162,0.134983,3.5714,8,1,1,4,1,compact asymmetric fixed-corner marker pattern
2,80,40.0000,hexagonal_staggered,hexagonal,0.6000,1,0,1,112,111,222,2,0,222,2.7750,2,31,0.282743,62.7690,0.0000,62.7690,469.2050,0.133777,0.133777,0.8929,2,0,1,4,0,below minimum marker count 4
2,80,40.0000,hexagonal_staggered,hexagonal,0.6000,1,1,2,112,110,220,2,2,222,2.7500,2,30,0.282743,62.2035,0.5655,62.7690,469.2050,0.132572,0.133777,1.7857,4,0,1,4,0,below minimum marker count 4
2,80,40.0000,hexagonal_staggered,hexagonal,0.6000,1,2,3,112,109,218,2,4,222,2.7250,2,29,0.282743,61.6380,1.1310,62.7690,469.2050,0.131367,0.133777,2.6786,6,0,1,4,0,below minimum marker count 4
2,80,40.0000,hexagonal_staggered,hexagonal,0.6000,1,3,4,112,108,216,2,6,222,2.7000,2,28,0.282743,61.0726,1.6965,62.7690,469.2050,0.130162,0.133777,3.5714,8,1,1,4,1,compact asymmetric fixed-corner marker pattern
2,80,40.0000,hexagonal_staggered,hexagonal,0.6000,1,4,5,112,107,214,2,8,222,2.6750,2,27,0.282743,60.5071,2.2619,62.7690,469.2050,0.128957,0.133777,4.4643,10,1,1,4,0,compact asymmetric fixed-corner marker pattern
2,80,40.0000,hexagonal_staggered,hexagonal,0.6000,2,0,2,112,110,220,4,0,220,2.7500,2,30,0.282743,62.2035,0.0000,62.2035,469.2050,0.132572,0.132572,1.7857,4,0,1,4,0,below minimum marker count 4
2,80,40.0000,hexagonal_staggered,hexagonal,0.6000,2,1,3,112,109,218,4,2,220,2.7250,2,29,0.282743,61.6380,0.5655,62.2035,469.2050,0.131367,0.132572,2.6786,6,0,1,4,0,below minimum marker count 4
2,80,40.0000,hexagonal_staggered,hexagonal,0.6000,2,2,4,112,108,216,4,4,220,2.7000,2,28,0.282743,61.0726,1.1310,62.2035,469.2050,0.130162,0.132572,3.5714,8,1,1,4,1,compact asymmetric fixed-corner marker pattern
2,80,40.0000,hexagonal_staggered,hexagonal,0.6000,2,3,5,112,107,214,4,6,220,2.6750,2,27,0.282743,60.5071,1.6965,62.2035,469.2050,0.128957,0.132572,4.4643,10,1,1,4,0,compact asymmetric fixed-corner marker pattern
2,80,40.0000,hexagonal_staggered,hexagonal,0.6000,2,4,6,112,106,212,4,8,220,2.6500,2,26,0.282743,59.9416,2.2619,62.2035,469.2050,0.127751,0.132572,5.3571,12,1,1,4,0,compact asymmetric fixed-corner marker pattern
2,80,40.0000,hexagonal_staggered,hexagonal,0.6000,3,0,3,112,109,218,6,0,218,2.7250,2,29,0.282743,61.6380,0.0000,61.6380,469.2050,0.131367,0.131367,2.6786,6,0,1,4,0,below minimum marker count 4
2,80,40.0000,hexagonal_staggered,hexagonal,0.6000,3,1,4,112,108,216,6,2,218,2.7000,2,28,0.282743,61.0726,0.5655,61.6380,469.2050,0.130162,0.131367,3.5714,8,1,1,4,1,compact asymmetric fixed-corner marker pattern
2,80,40.0000,hexagonal_staggered,hexagonal,0.6000,3,2,5,112,107,214,6,4,218,2.6750,2,27,0.282743,60.5071,1.1310,61.6380,469.2050,0.128957,0.131367,4.4643,10,1,1,4,0,compact asymmetric fixed-corner marker pattern
2,80,40.0000,hexagonal_staggered,hexagonal,0.6000,3,3,6,112,106,212,6,6,218,2.6500,2,26,0.282743,59.9416,1.6965,61.6380,469.2050,0.127751,0.131367,5.3571,12,1,1,4,0,compact asymmetric fixed-corner marker pattern
2,80,40.0000,hexagonal_staggered,hexagonal,0.6000,3,4,7,112,105,210,6,8,218,2.6250,2,25,0.282743,59.3761,2.2619,61.6380,469.2050,0.126546,0.131367,6.2500,14,1,1,4,0,compact asymmetric fixed-corner marker pattern
2,80,40.0000,hexagonal_staggered,hexagonal,0.6000,4,0,4,112,108,216,8,0,216,2.7000,2,28,0.282743,61.0726,0.0000,61.0726,469.2050,0.130162,0.130162,3.5714,8,1,1,4,1,compact asymmetric fixed-corner marker pattern
2,80,40.0000,hexagonal_staggered,hexagonal,0.6000,4,1,5,112,107,214,8,2,216,2.6750,2,27,0.282743,60.5071,0.5655,61.0726,469.2050,0.128957,0.130162,4.4643,10,1,1,4,0,compact asymmetric fixed-corner marker pattern
2,80,40.0000,hexagonal_staggered,hexagonal,0.6000,4,2,6,112,106,212,8,4,216,2.6500,2,26,0.282743,59.9416,1.1310,61.0726,469.2050,0.127751,0.130162,5.3571,12,1,1,4,0,compact asymmetric fixed-corner marker pattern
2,80,40.0000,hexagonal_staggered,hexagonal,0.6000,4,3,7,112,105,210,8,6,216,2.6250,2,25,0.282743,59.3761,1.6965,61.0726,469.2050,0.126546,0.130162,6.2500,14,1,1,4,0,compact asymmetric fixed-corner marker pattern
2,80,40.0000,hexagonal_staggered,hexagonal,0.6000,4,4,8,112,104,208,8,8,216,2.6000,2,24,0.282743,58.8106,2.2619,61.0726,469.2050,0.125341,0.130162,7.1429,16,1,1,4,0,compact asymmetric fixed-corner marker pattern
2,80,40.0000,hexagonal_staggered,hexagonal,0.6000,5,0,5,112,107,214,10,0,214,2.6750,2,27,0.282743,60.5071,0.0000,60.5071,469.2050,0.128957,0.128957,4.4643,10,1,1,4,0,compact asymmetric fixed-corner marker pattern
2,80,40.0000,hexagonal_staggered,hexagonal,0.6000,5,1,6,112,106,212,10,2,214,2.6500,2,26,0.282743,59.9416,0.5655,60.5071,469.2050,0.127751,0.128957,5.3571,12,1,1,4,0,compact asymmetric fixed-corner marker pattern
2,80,40.0000,hexagonal_staggered,hexagonal,0.6000,5,2,7,112,105,210,10,4,214,2.6250,2,25,0.282743,59.3761,1.1310,60.5071,469.2050,0.126546,0.128957,6.2500,14,1,1,4,0,compact asymmetric fixed-corner marker pattern
2,80,40.0000,hexagonal_staggered,hexagonal,0.6000,5,3,8,112,104,208,10,6,214,2.6000,2,24,0.282743,58.8106,1.6965,60.5071,469.2050,0.125341,0.128957,7.1429,16,1,1,4,0,compact asymmetric fixed-corner marker pattern
2,80,40.0000,hexagonal_staggered,hexagonal,0.6000,5,4,9,112,103,206,10,8,214,2.5750,2,23,0.282743,58.2451,2.2619,60.5071,469.2050,0.124136,0.128957,8.0357,18,1,1,4,0,compact asymmetric fixed-corner marker pattern
2,80,40.0000,hexagonal_staggered,hexagonal,0.6000,6,0,6,112,106,212,12,0,212,2.6500,2,26,0.282743,59.9416,0.0000,59.9416,469.2050,0.127751,0.127751,5.3571,12,1,1,4,0,compact asymmetric fixed-corner marker pattern
2,80,40.0000,hexagonal_staggered,hexagonal,0.6000,6,1,7,112,105,210,12,2,212,2.6250,2,25,0.282743,59.3761,0.5655,59.9416,469.2050,0.126546,0.127751,6.2500,14,1,1,4,0,compact asymmetric fixed-corner marker pattern
2,80,40.0000,hexagonal_staggered,hexagonal,0.6000,6,2,8,112,104,208,12,4,212,2.6000,2,24,0.282743,58.8106,1.1310,59.9416,469.2050,0.125341,0.127751,7.1429,16,1,1,4,0,compact asymmetric fixed-corner marker pattern
2,80,40.0000,hexagonal_staggered,hexagonal,0.6000,6,3,9,112,103,206,12,6,212,2.5750,2,23,0.282743,58.2451,1.6965,59.9416,469.2050,0.124136,0.127751,8.0357,18,1,1,4,0,compact asymmetric fixed-corner marker pattern
2,80,40.0000,hexagonal_staggered,hexagonal,0.6000,6,4,10,112,102,204,12,8,212,2.5500,2,22,0.282743,57.6796,2.2619,59.9416,469.2050,0.122931,0.127751,8.9286,20,1,1,4,0,compact asymmetric fixed-corner marker pattern
2,80,40.0000,hexagonal_staggered,hexagonal,1.0000,0,0,0,66,66,132,0,0,132,1.6500,1,26,0.785398,103.6726,0.0000,103.6726,469.2050,0.220954,0.220954,0.0000,0,0,1,4,0,no orientation markers; below minimum marker count 4; asymmetry score below threshold
2,80,40.0000,hexagonal_staggered,hexagonal,1.0000,0,1,1,66,65,130,0,2,132,1.6250,1,25,0.785398,102.1018,1.5708,103.6726,469.2050,0.217606,0.220954,1.5152,2,0,1,4,0,below minimum marker count 4
2,80,40.0000,hexagonal_staggered,hexagonal,1.0000,0,2,2,66,64,128,0,4,132,1.6000,1,24,0.785398,100.5310,3.1416,103.6726,469.2050,0.214258,0.220954,3.0303,4,0,1,4,0,below minimum marker count 4
2,80,40.0000,hexagonal_staggered,hexagonal,1.0000,0,3,3,66,63,126,0,6,132,1.5750,1,23,0.785398,98.9602,4.7124,103.6726,469.2050,0.210910,0.220954,4.5455,6,0,1,4,0,below minimum marker count 4
2,80,40.0000,hexagonal_staggered,hexagonal,1.0000,0,4,4,66,62,124,0,8,132,1.5500,1,22,0.785398,97.3894,6.2832,103.6726,469.2050,0.207563,0.220954,6.0606,8,1,1,4,1,compact asymmetric fixed-corner marker pattern
2,80,40.0000,hexagonal_staggered,hexagonal,1.0000,1,0,1,66,65,130,2,0,130,1.6250,1,25,0.785398,102.1018,0.0000,102.1018,469.2050,0.217606,0.217606,1.5152,2,0,1,4,0,below minimum marker count 4
2,80,40.0000,hexagonal_staggered,hexagonal,1.0000,1,1,2,66,64,128,2,2,130,1.6000,1,24,0.785398,100.5310,1.5708,102.1018,469.2050,0.214258,0.217606,3.0303,4,0,1,4,0,below minimum marker count 4
2,80,40.0000,hexagonal_staggered,hexagonal,1.0000,1,2,3,66,63,126,2,4,130,1.5750,1,23,0.785398,98.9602,3.1416,102.1018,469.2050,0.210910,0.217606,4.5455,6,0,1,4,0,below minimum marker count 4
2,80,40.0000,hexagonal_staggered,hexagonal,1.0000,1,3,4,66,62,124,2,6,130,1.5500,1,22,0.785398,97.3894,4.7124,102.1018,469.2050,0.207563,0.217606,6.0606,8,1,1,4,1,compact asymmetric fixed-corner marker pattern
2,80,40.0000,hexagonal_staggered,hexagonal,1.0000,1,4,5,66,61,122,2,8,130,1.5250,1,21,0.785398,95.8186,6.2832,102.1018,469.2050,0.204215,0.217606,7.5758,10,1,1,4,0,compact asymmetric fixed-corner marker pattern
2,80,40.0000,hexagonal_staggered,hexagonal,1.0000,2,0,2,66,64,128,4,0,128,1.6000,1,24,0.785398,100.5310,0.0000,100.5310,469.2050,0.214258,0.214258,3.0303,4,0,1,4,0,below minimum marker count 4
2,80,40.0000,hexagonal_staggered,hexagonal,1.0000,2,1,3,66,63,126,4,2,128,1.5750,1,23,0.785398,98.9602,1.5708,100.5310,469.2050,0.210910,0.214258,4.5455,6,0,1,4,0,below minimum marker count 4
2,80,40.0000,hexagonal_staggered,hexagonal,1.0000,2,2,4,66,62,124,4,4,128,1.5500,1,22,0.785398,97.3894,3.1416,100.5310,469.2050,0.207563,0.214258,6.0606,8,1,1,4,1,compact asymmetric fixed-corner marker pattern
2,80,40.0000,hexagonal_staggered,hexagonal,1.0000,2,3,5,66,61,122,4,6,128,1.5250,1,21,0.785398,95.8186,4.7124,100.5310,469.2050,0.204215,0.214258,7.5758,10,1,1,4,0,compact asymmetric fixed-corner marker pattern
2,80,40.0000,hexagonal_staggered,hexagonal,1.0000,2,4,6,66,60,120,4,8,128,1.5000,1,20,0.785398,94.2478,6.2832,100.5310,469.2050,0.200867,0.214258,9.0909,12,1,1,4,0,compact asymmetric fixed-corner marker pattern
2,80,40.0000,hexagonal_staggered,hexagonal,1.0000,3,0,3,66,63,126,6,0,126,1.5750,1,23,0.785398,98.9602,0.0000,98.9602,469.2050,0.210910,0.210910,4.5455,6,0,1,4,0,below minimum marker count 4
2,80,40.0000,hexagonal_staggered,hexagonal,1.0000,3,1,4,66,62,124,6,2,126,1.5500,1,22,0.785398,97.3894,1.5708,98.9602,469.2050,0.207563,0.210910,6.0606,8,1,1,4,1,compact asymmetric fixed-corner marker pattern
2,80,40.0000,hexagonal_staggered,hexagonal,1.0000,3,2,5,66,61,122,6,4,126,1.5250,1,21,0.785398,95.8186,3.1416,98.9602,469.2050,0.204215,0.210910,7.5758,10,1,1,4,0,compact asymmetric fixed-corner marker pattern
2,80,40.0000,hexagonal_staggered,hexagonal,1.0000,3,3,6,66,60,120,6,6,126,1.5000,1,20,0.785398,94.2478,4.7124,98.9602,469.2050,0.200867,0.210910,9.0909,12,1,1,4,0,compact asymmetric fixed-corner marker pattern
2,80,40.0000,hexagonal_staggered,hexagonal,1.0000,3,4,7,66,59,118,6,8,126,1.4750,1,19,0.785398,92.6770,6.2832,98.9602,469.2050,0.197519,0.210910,10.6061,10,1,1,4,0,compact asymmetric fixed-corner marker pattern
2,80,40.0000,hexagonal_staggered,hexagonal,1.0000,4,0,4,66,62,124,8,0,124,1.5500,1,22,0.785398,97.3894,0.0000,97.3894,469.2050,0.207563,0.207563,6.0606,8,1,1,4,1,compact asymmetric fixed-corner marker pattern
2,80,40.0000,hexagonal_staggered,hexagonal,1.0000,4,1,5,66,61,122,8,2,124,1.5250,1,21,0.785398,95.8186,1.5708,97.3894,469.2050,0.204215,0.207563,7.5758,10,1,1,4,0,compact asymmetric fixed-corner marker pattern
2,80,40.0000,hexagonal_staggered,hexagonal,1.0000,4,2,6,66,60,120,8,4,124,1.5000,1,20,0.785398,94.2478,3.1416,97.3894,469.2050,0.200867,0.207563,9.0909,12,1,1,4,0,compact asymmetric fixed-corner marker pattern
2,80,40.0000,hexagonal_staggered,hexagonal,1.0000,4,3,7,66,59,118,8,6,124,1.4750,1,19,0.785398,92.6770,4.7124,97.3894,469.2050,0.197519,0.207563,10.6061,10,1,1,4,0,compact asymmetric fixed-corner marker pattern
2,80,40.0000,hexagonal_staggered,hexagonal,1.0000,4,4,8,66,58,116,8,8,124,1.4500,1,18,0.785398,91.1062,6.2832,97.3894,469.2050,0.194171,0.207563,12.1212,12,1,1,4,0,compact asymmetric fixed-corner marker pattern
2,80,40.0000,hexagonal_staggered,hexagonal,1.0000,5,0,5,66,61,122,10,0,122,1.5250,1,21,0.785398,95.8186,0.0000,95.8186,469.2050,0.204215,0.204215,7.5758,10,1,1,4,0,compact asymmetric fixed-corner marker pattern
2,80,40.0000,hexagonal_staggered,hexagonal,1.0000,5,1,6,66,60,120,10,2,122,1.5000,1,20,0.785398,94.2478,1.5708,95.8186,469.2050,0.200867,0.204215,9.0909,12,1,1,4,0,compact asymmetric fixed-corner marker pattern
2,80,40.0000,hexagonal_staggered,hexagonal,1.0000,5,2,7,66,59,118,10,4,122,1.4750,1,19,0.785398,92.6770,3.1416,95.8186,469.2050,0.197519,0.204215,10.6061,10,1,1,4,0,compact asymmetric fixed-corner marker pattern
2,80,40.0000,hexagonal_staggered,hexagonal,1.0000,5,3,8,66,58,116,10,6,122,1.4500,1,18,0.785398,91.1062,4.7124,95.8186,469.2050,0.194171,0.204215,12.1212,12,1,1,4,0,compact asymmetric fixed-corner marker pattern
2,80,40.0000,hexagonal_staggered,hexagonal,1.0000,5,4,9,66,57,114,10,8,122,1.4250,1,17,0.785398,89.5354,6.2832,95.8186,469.2050,0.190824,0.204215,13.6364,14,1,1,4,0,compact asymmetric fixed-corner marker pattern
2,80,40.0000,hexagonal_staggered,hexagonal,1.0000,6,0,6,66,60,120,12,0,120,1.5000,1,20,0.785398,94.2478,0.0000,94.2478,469.2050,0.200867,0.200867,9.0909,12,1,1,4,0,compact asymmetric fixed-corner marker pattern
2,80,40.0000,hexagonal_staggered,hexagonal,1.0000,6,1,7,66,59,118,12,2,120,1.4750,1,19,0.785398,92.6770,1.5708,94.2478,469.2050,0.197519,0.200867,10.6061,12,1,1,4,0,compact asymmetric fixed-corner marker pattern
2,80,40.0000,hexagonal_staggered,hexagonal,1.0000,6,2,8,66,58,116,12,4,120,1.4500,1,18,0.785398,91.1062,3.1416,94.2478,469.2050,0.194171,0.200867,12.1212,14,1,1,4,0,compact asymmetric fixed-corner marker pattern
2,80,40.0000,hexagonal_staggered,hexagonal,1.0000,6,3,9,66,57,114,12,6,120,1.4250,1,17,0.785398,89.5354,4.7124,94.2478,469.2050,0.190824,0.200867,13.6364,16,1,1,4,0,compact asymmetric fixed-corner marker pattern
2,80,40.0000,hexagonal_staggered,hexagonal,1.0000,6,4,10,66,56,112,12,8,120,1.4000,1,16,0.785398,87.9646,6.2832,94.2478,469.2050,0.187476,0.200867,15.1515,18,1,1,4,0,compact asymmetric fixed-corner marker pattern
2,80,40.0000,hexagonal_staggered,hexagonal,1.5000,0,0,0,43,43,86,0,0,86,1.0750,1,3,1.767146,151.9745,0.0000,151.9745,469.2050,0.323898,0.323898,0.0000,0,0,1,,0,no orientation markers; below minimum marker count 4; asymmetry score below threshold
2,80,40.0000,hexagonal_staggered,hexagonal,1.5000,0,1,1,43,42,84,0,2,86,1.0500,1,2,1.767146,148.4403,3.5343,151.9745,469.2050,0.316365,0.323898,2.3256,2,0,1,,0,below minimum marker count 4
2,80,40.0000,hexagonal_staggered,hexagonal,1.5000,0,2,2,43,41,82,0,4,86,1.0250,1,1,1.767146,144.9060,7.0686,151.9745,469.2050,0.308833,0.323898,4.6512,4,0,1,,0,below minimum marker count 4
2,80,40.0000,hexagonal_staggered,hexagonal,1.5000,0,3,3,43,40,80,0,6,86,1.0000,1,0,1.767146,141.3717,10.6029,151.9745,469.2050,0.301300,0.323898,6.9767,6,0,1,,0,below minimum marker count 4
2,80,40.0000,hexagonal_staggered,hexagonal,1.5000,0,4,4,43,39,78,0,8,86,0.9750,0,39,1.767146,137.8374,14.1372,151.9745,469.2050,0.293768,0.323898,9.3023,8,1,0,,0,compact asymmetric fixed-corner marker pattern
2,80,40.0000,hexagonal_staggered,hexagonal,1.5000,1,0,1,43,42,84,2,0,84,1.0500,1,2,1.767146,148.4403,0.0000,148.4403,469.2050,0.316365,0.316365,2.3256,2,0,1,,0,below minimum marker count 4
2,80,40.0000,hexagonal_staggered,hexagonal,1.5000,1,1,2,43,41,82,2,2,84,1.0250,1,1,1.767146,144.9060,3.5343,148.4403,469.2050,0.308833,0.316365,4.6512,4,0,1,,0,below minimum marker count 4
2,80,40.0000,hexagonal_staggered,hexagonal,1.5000,1,2,3,43,40,80,2,4,84,1.0000,1,0,1.767146,141.3717,7.0686,148.4403,469.2050,0.301300,0.316365,6.9767,6,0,1,,0,below minimum marker count 4
2,80,40.0000,hexagonal_staggered,hexagonal,1.5000,1,3,4,43,39,78,2,6,84,0.9750,0,39,1.767146,137.8374,10.6029,148.4403,469.2050,0.293768,0.316365,9.3023,8,1,0,,0,compact asymmetric fixed-corner marker pattern
2,80,40.0000,hexagonal_staggered,hexagonal,1.5000,1,4,5,43,38,76,2,8,84,0.9500,0,38,1.767146,134.3031,14.1372,148.4403,469.2050,0.286235,0.316365,11.6279,8,1,0,,0,compact asymmetric fixed-corner marker pattern
2,80,40.0000,hexagonal_staggered,hexagonal,1.5000,2,0,2,43,41,82,4,0,82,1.0250,1,1,1.767146,144.9060,0.0000,144.9060,469.2050,0.308833,0.308833,4.6512,4,0,1,,0,below minimum marker count 4
2,80,40.0000,hexagonal_staggered,hexagonal,1.5000,2,1,3,43,40,80,4,2,82,1.0000,1,0,1.767146,141.3717,3.5343,144.9060,469.2050,0.301300,0.308833,6.9767,6,0,1,,0,below minimum marker count 4
2,80,40.0000,hexagonal_staggered,hexagonal,1.5000,2,2,4,43,39,78,4,4,82,0.9750,0,39,1.767146,137.8374,7.0686,144.9060,469.2050,0.293768,0.308833,9.3023,8,1,0,,0,compact asymmetric fixed-corner marker pattern
2,80,40.0000,hexagonal_staggered,hexagonal,1.5000,2,3,5,43,38,76,4,6,82,0.9500,0,38,1.767146,134.3031,10.6029,144.9060,469.2050,0.286235,0.308833,11.6279,8,1,0,,0,compact asymmetric fixed-corner marker pattern
2,80,40.0000,hexagonal_staggered,hexagonal,1.5000,2,4,6,43,37,74,4,8,82,0.9250,0,37,1.767146,130.7688,14.1372,144.9060,469.2050,0.278703,0.308833,13.9535,8,1,0,,0,compact asymmetric fixed-corner marker pattern
2,80,40.0000,hexagonal_staggered,hexagonal,1.5000,3,0,3,43,40,80,6,0,80,1.0000,1,0,1.767146,141.3717,0.0000,141.3717,469.2050,0.301300,0.301300,6.9767,6,0,1,,0,below minimum marker count 4
2,80,40.0000,hexagonal_staggered,hexagonal,1.5000,3,1,4,43,39,78,6,2,80,0.9750,0,39,1.767146,137.8374,3.5343,141.3717,469.2050,0.293768,0.301300,9.3023,8,1,0,,0,compact asymmetric fixed-corner marker pattern
2,80,40.0000,hexagonal_staggered,hexagonal,1.5000,3,2,5,43,38,76,6,4,80,0.9500,0,38,1.767146,134.3031,7.0686,141.3717,469.2050,0.286235,0.301300,11.6279,8,1,0,,0,compact asymmetric fixed-corner marker pattern
2,80,40.0000,hexagonal_staggered,hexagonal,1.5000,3,3,6,43,37,74,6,6,80,0.9250,0,37,1.767146,130.7688,10.6029,141.3717,469.2050,0.278703,0.301300,13.9535,8,1,0,,0,compact asymmetric fixed-corner marker pattern
2,80,40.0000,hexagonal_staggered,hexagonal,1.5000,3,4,7,43,36,72,6,8,80,0.9000,0,36,1.767146,127.2345,14.1372,141.3717,469.2050,0.271170,0.301300,16.2791,10,1,0,,0,compact asymmetric fixed-corner marker pattern
2,80,40.0000,hexagonal_staggered,hexagonal,1.5000,4,0,4,43,39,78,8,0,78,0.9750,0,39,1.767146,137.8374,0.0000,137.8374,469.2050,0.293768,0.293768,9.3023,8,1,0,,0,compact asymmetric fixed-corner marker pattern
2,80,40.0000,hexagonal_staggered,hexagonal,1.5000,4,1,5,43,38,76,8,2,78,0.9500,0,38,1.767146,134.3031,3.5343,137.8374,469.2050,0.286235,0.293768,11.6279,8,1,0,,0,compact asymmetric fixed-corner marker pattern
2,80,40.0000,hexagonal_staggered,hexagonal,1.5000,4,2,6,43,37,74,8,4,78,0.9250,0,37,1.767146,130.7688,7.0686,137.8374,469.2050,0.278703,0.293768,13.9535,8,1,0,,0,compact asymmetric fixed-corner marker pattern
2,80,40.0000,hexagonal_staggered,hexagonal,1.5000,4,3,7,43,36,72,8,6,78,0.9000,0,36,1.767146,127.2345,10.6029,137.8374,469.2050,0.271170,0.293768,16.2791,10,1,0,,0,compact asymmetric fixed-corner marker pattern
2,80,40.0000,hexagonal_staggered,hexagonal,1.5000,4,4,8,43,35,70,8,8,78,0.8750,0,35,1.767146,123.7002,14.1372,137.8374,469.2050,0.263638,0.293768,18.6047,12,1,0,,0,compact asymmetric fixed-corner marker pattern
2,80,40.0000,hexagonal_staggered,hexagonal,1.5000,5,0,5,43,38,76,10,0,76,0.9500,0,38,1.767146,134.3031,0.0000,134.3031,469.2050,0.286235,0.286235,11.6279,8,1,0,,0,compact asymmetric fixed-corner marker pattern
2,80,40.0000,hexagonal_staggered,hexagonal,1.5000,5,1,6,43,37,74,10,2,76,0.9250,0,37,1.767146,130.7688,3.5343,134.3031,469.2050,0.278703,0.286235,13.9535,8,1,0,,0,compact asymmetric fixed-corner marker pattern
2,80,40.0000,hexagonal_staggered,hexagonal,1.5000,5,2,7,43,36,72,10,4,76,0.9000,0,36,1.767146,127.2345,7.0686,134.3031,469.2050,0.271170,0.286235,16.2791,10,1,0,,0,compact asymmetric fixed-corner marker pattern
2,80,40.0000,hexagonal_staggered,hexagonal,1.5000,5,3,8,43,35,70,10,6,76,0.8750,0,35,1.767146,123.7002,10.6029,134.3031,469.2050,0.263638,0.286235,18.6047,12,1,0,,0,compact asymmetric fixed-corner marker pattern
2,80,40.0000,hexagonal_staggered,hexagonal,1.5000,5,4,9,43,34,68,10,8,76,0.8500,0,34,1.767146,120.1659,14.1372,134.3031,469.2050,0.256105,0.286235,20.9302,14,1,0,,0,compact asymmetric fixed-corner marker pattern
2,80,40.0000,hexagonal_staggered,hexagonal,1.5000,6,0,6,43,37,74,12,0,74,0.9250,0,37,1.767146,130.7688,0.0000,130.7688,469.2050,0.278703,0.278703,13.9535,8,1,0,,0,compact asymmetric fixed-corner marker pattern
2,80,40.0000,hexagonal_staggered,hexagonal,1.5000,6,1,7,43,36,72,12,2,74,0.9000,0,36,1.767146,127.2345,3.5343,130.7688,469.2050,0.271170,0.278703,16.2791,10,1,0,,0,compact asymmetric fixed-corner marker pattern
2,80,40.0000,hexagonal_staggered,hexagonal,1.5000,6,2,8,43,35,70,12,4,74,0.8750,0,35,1.767146,123.7002,7.0686,130.7688,469.2050,0.263638,0.278703,18.6047,12,1,0,,0,compact asymmetric fixed-corner marker pattern
2,80,40.0000,hexagonal_staggered,hexagonal,1.5000,6,3,9,43,34,68,12,6,74,0.8500,0,34,1.767146,120.1659,10.6029,130.7688,469.2050,0.256105,0.278703,20.9302,14,1,0,,0,compact asymmetric fixed-corner marker pattern
2,80,40.0000,hexagonal_staggered,hexagonal,1.5000,6,4,10,43,33,66,12,8,74,0.8250,0,33,1.767146,116.6316,14.1372,130.7688,469.2050,0.248573,0.278703,23.2558,16,1,0,,0,compact asymmetric fixed-corner marker pattern
2,80,40.0000,hexagonal_staggered,hexagonal,2.0000,0,0,0,28,28,56,0,0,56,0.7000,0,28,3.141593,175.9292,0.0000,175.9292,469.2050,0.374952,0.374952,0.0000,0,0,0,,0,no orientation markers; below minimum marker count 4; asymmetry score below threshold
2,80,40.0000,hexagonal_staggered,hexagonal,2.0000,0,1,1,28,27,54,0,2,56,0.6750,0,27,3.141593,169.6460,6.2832,175.9292,469.2050,0.361561,0.374952,3.5714,2,0,0,,0,below minimum marker count 4
2,80,40.0000,hexagonal_staggered,hexagonal,2.0000,0,2,2,28,26,52,0,4,56,0.6500,0,26,3.141593,163.3628,12.5664,175.9292,469.2050,0.348169,0.374952,7.1429,4,0,0,,0,below minimum marker count 4
2,80,40.0000,hexagonal_staggered,hexagonal,2.0000,0,3,3,28,25,50,0,6,56,0.6250,0,25,3.141593,157.0796,18.8496,175.9292,469.2050,0.334778,0.374952,10.7143,6,0,0,,0,below minimum marker count 4
2,80,40.0000,hexagonal_staggered,hexagonal,2.0000,0,4,4,28,24,48,0,8,56,0.6000,0,24,3.141593,150.7964,25.1327,175.9292,469.2050,0.321387,0.374952,14.2857,8,1,0,,0,compact asymmetric fixed-corner marker pattern
2,80,40.0000,hexagonal_staggered,hexagonal,2.0000,1,0,1,28,27,54,2,0,54,0.6750,0,27,3.141593,169.6460,0.0000,169.6460,469.2050,0.361561,0.361561,3.5714,2,0,0,,0,below minimum marker count 4
2,80,40.0000,hexagonal_staggered,hexagonal,2.0000,1,1,2,28,26,52,2,2,54,0.6500,0,26,3.141593,163.3628,6.2832,169.6460,469.2050,0.348169,0.361561,7.1429,4,0,0,,0,below minimum marker count 4
2,80,40.0000,hexagonal_staggered,hexagonal,2.0000,1,2,3,28,25,50,2,4,54,0.6250,0,25,3.141593,157.0796,12.5664,169.6460,469.2050,0.334778,0.361561,10.7143,6,0,0,,0,below minimum marker count 4
2,80,40.0000,hexagonal_staggered,hexagonal,2.0000,1,3,4,28,24,48,2,6,54,0.6000,0,24,3.141593,150.7964,18.8496,169.6460,469.2050,0.321387,0.361561,14.2857,8,1,0,,0,compact asymmetric fixed-corner marker pattern
2,80,40.0000,hexagonal_staggered,hexagonal,2.0000,1,4,5,28,23,46,2,8,54,0.5750,0,23,3.141593,144.5133,25.1327,169.6460,469.2050,0.307996,0.361561,17.8571,6,1,0,,0,compact asymmetric fixed-corner marker pattern
2,80,40.0000,hexagonal_staggered,hexagonal,2.0000,2,0,2,28,26,52,4,0,52,0.6500,0,26,3.141593,163.3628,0.0000,163.3628,469.2050,0.348169,0.348169,7.1429,4,0,0,,0,below minimum marker count 4
2,80,40.0000,hexagonal_staggered,hexagonal,2.0000,2,1,3,28,25,50,4,2,52,0.6250,0,25,3.141593,157.0796,6.2832,163.3628,469.2050,0.334778,0.348169,10.7143,6,0,0,,0,below minimum marker count 4
2,80,40.0000,hexagonal_staggered,hexagonal,2.0000,2,2,4,28,24,48,4,4,52,0.6000,0,24,3.141593,150.7964,12.5664,163.3628,469.2050,0.321387,0.348169,14.2857,8,1,0,,0,compact asymmetric fixed-corner marker pattern
2,80,40.0000,hexagonal_staggered,hexagonal,2.0000,2,3,5,28,23,46,4,6,52,0.5750,0,23,3.141593,144.5133,18.8496,163.3628,469.2050,0.307996,0.348169,17.8571,6,1,0,,0,compact asymmetric fixed-corner marker pattern
2,80,40.0000,hexagonal_staggered,hexagonal,2.0000,2,4,6,28,22,44,4,8,52,0.5500,0,22,3.141593,138.2301,25.1327,163.3628,469.2050,0.294605,0.348169,21.4286,8,1,0,,0,compact asymmetric fixed-corner marker pattern
2,80,40.0000,hexagonal_staggered,hexagonal,2.0000,3,0,3,28,25,50,6,0,50,0.6250,0,25,3.141593,157.0796,0.0000,157.0796,469.2050,0.334778,0.334778,10.7143,6,0,0,,0,below minimum marker count 4
2,80,40.0000,hexagonal_staggered,hexagonal,2.0000,3,1,4,28,24,48,6,2,50,0.6000,0,24,3.141593,150.7964,6.2832,157.0796,469.2050,0.321387,0.334778,14.2857,8,1,0,,0,compact asymmetric fixed-corner marker pattern
2,80,40.0000,hexagonal_staggered,hexagonal,2.0000,3,2,5,28,23,46,6,4,50,0.5750,0,23,3.141593,144.5133,12.5664,157.0796,469.2050,0.307996,0.334778,17.8571,6,1,0,,0,compact asymmetric fixed-corner marker pattern
2,80,40.0000,hexagonal_staggered,hexagonal,2.0000,3,3,6,28,22,44,6,6,50,0.5500,0,22,3.141593,138.2301,18.8496,157.0796,469.2050,0.294605,0.334778,21.4286,8,1,0,,0,compact asymmetric fixed-corner marker pattern
2,80,40.0000,hexagonal_staggered,hexagonal,2.0000,3,4,7,28,21,42,6,8,50,0.5250,0,21,3.141593,131.9469,25.1327,157.0796,469.2050,0.281214,0.334778,25.0000,10,1,0,,0,compact asymmetric fixed-corner marker pattern
2,80,40.0000,hexagonal_staggered,hexagonal,2.0000,4,0,4,28,24,48,8,0,48,0.6000,0,24,3.141593,150.7964,0.0000,150.7964,469.2050,0.321387,0.321387,14.2857,8,1,0,,0,compact asymmetric fixed-corner marker pattern
2,80,40.0000,hexagonal_staggered,hexagonal,2.0000,4,1,5,28,23,46,8,2,48,0.5750,0,23,3.141593,144.5133,6.2832,150.7964,469.2050,0.307996,0.321387,17.8571,8,1,0,,0,compact asymmetric fixed-corner marker pattern
2,80,40.0000,hexagonal_staggered,hexagonal,2.0000,4,2,6,28,22,44,8,4,48,0.5500,0,22,3.141593,138.2301,12.5664,150.7964,469.2050,0.294605,0.321387,21.4286,10,1,0,,0,compact asymmetric fixed-corner marker pattern
2,80,40.0000,hexagonal_staggered,hexagonal,2.0000,4,3,7,28,21,42,8,6,48,0.5250,0,21,3.141593,131.9469,18.8496,150.7964,469.2050,0.281214,0.321387,25.0000,10,1,0,,0,compact asymmetric fixed-corner marker pattern
2,80,40.0000,hexagonal_staggered,hexagonal,2.0000,4,4,8,28,20,40,8,8,48,0.5000,0,20,3.141593,125.6637,25.1327,150.7964,469.2050,0.267823,0.321387,28.5714,12,1,0,,0,compact asymmetric fixed-corner marker pattern
2,80,40.0000,hexagonal_staggered,hexagonal,2.0000,5,0,5,28,23,46,10,0,46,0.5750,0,23,3.141593,144.5133,0.0000,144.5133,469.2050,0.307996,0.307996,17.8571,6,1,0,,0,compact asymmetric fixed-corner marker pattern
2,80,40.0000,hexagonal_staggered,hexagonal,2.0000,5,1,6,28,22,44,10,2,46,0.5500,0,22,3.141593,138.2301,6.2832,144.5133,469.2050,0.294605,0.307996,21.4286,8,1,0,,0,compact asymmetric fixed-corner marker pattern
2,80,40.0000,hexagonal_staggered,hexagonal,2.0000,5,2,7,28,21,42,10,4,46,0.5250,0,21,3.141593,131.9469,12.5664,144.5133,469.2050,0.281214,0.307996,25.0000,10,1,0,,0,compact asymmetric fixed-corner marker pattern
2,80,40.0000,hexagonal_staggered,hexagonal,2.0000,5,3,8,28,20,40,10,6,46,0.5000,0,20,3.141593,125.6637,18.8496,144.5133,469.2050,0.267823,0.307996,28.5714,12,1,0,,0,compact asymmetric fixed-corner marker pattern
2,80,40.0000,hexagonal_staggered,hexagonal,2.0000,5,4,9,28,19,38,10,8,46,0.4750,0,19,3.141593,119.3805,25.1327,144.5133,469.2050,0.254431,0.307996,32.1429,14,1,0,,0,compact asymmetric fixed-corner marker pattern
2,80,40.0000,hexagonal_staggered,hexagonal,2.0000,6,0,6,28,22,44,12,0,44,0.5500,0,22,3.141593,138.2301,0.0000,138.2301,469.2050,0.294605,0.294605,21.4286,8,1,0,,0,compact asymmetric fixed-corner marker pattern
2,80,40.0000,hexagonal_staggered,hexagonal,2.0000,6,1,7,28,21,42,12,2,44,0.5250,0,21,3.141593,131.9469,6.2832,138.2301,469.2050,0.281214,0.294605,25.0000,10,1,0,,0,compact asymmetric fixed-corner marker pattern
2,80,40.0000,hexagonal_staggered,hexagonal,2.0000,6,2,8,28,20,40,12,4,44,0.5000,0,20,3.141593,125.6637,12.5664,138.2301,469.2050,0.267823,0.294605,28.5714,12,1,0,,0,compact asymmetric fixed-corner marker pattern
2,80,40.0000,hexagonal_staggered,hexagonal,2.0000,6,3,9,28,19,38,12,6,44,0.4750,0,19,3.141593,119.3805,18.8496,138.2301,469.2050,0.254431,0.294605,32.1429,14,1,0,,0,compact asymmetric fixed-corner marker pattern
2,80,40.0000,hexagonal_staggered,hexagonal,2.0000,6,4,10,28,18,36,12,8,44,0.4500,0,18,3.141593,113.0973,25.1327,138.2301,469.2050,0.241040,0.294605,35.7143,16,1,0,,0,compact asymmetric fixed-corner marker pattern
